,Party Defection,EPG Defection
MEP Aggregate,0.9921347328732371,0.9699499436371348
Party Aggregate,0.9852802035305667,0.9705712035927722
EPG Aggregate,0.9957858672516194,0.9004480952610986
